Name, Last Name, E-mail, Age, Gender, login, password  
Natalia, Våge, natalia.vage@example.com, 62, female, happypanda790, funk
علی, صدر, aaly.sdr@example.com, 43, male, whiterabbit734, pinnacle
Sakina, Boersma, sakina.boersma@example.com, 59, female, silverelephant959, rice
Lewis, Gilbert, lewis.gilbert@example.com, 61, male, sadmouse155, inter
Maëlyne, Denis, maelyne.denis@example.com, 72, female, organicleopard603, personal
Lucas, Thomsen, lucas.thomsen@example.com, 44, male, bigswan685, presto
Josephine, Jones, josephine.jones@example.com, 76, female, organicswan351, commando
Emilio, Santana, emilio.santana@example.com, 74, male, happymeercat706, ooooooo
Liefke, Vreeken, liefke.vreeken@example.com, 33, female, angryrabbit839, zhai
Ömür, Günday, omur.gunday@example.com, 73, female, heavymeercat866, aquarius
Anke, Münch, anke.munch@example.com, 26, female, whitecat128, 131313
Anna, Junk, anna.junk@example.com, 24, female, bigbutterfly265, sanford
ملینا, نكو نظر, mlyn.nkwnzr@example.com, 45, female, orangefrog198, qwerty7
Dana, Fernandez, dana.fernandez@example.com, 28, female, tinybutterfly837, glow
Paulette, Lecomte, paulette.lecomte@example.com, 24, female, tinypanda813, anubis
Brandon, Murphy, brandon.murphy@example.com, 69, male, silverladybug582, lagnaf
Oskari, Kumpula, oskari.kumpula@example.com, 36, male, beautifulladybug365, catcher
Ana, Arias, ana.arias@example.com, 71, female, tinyswan416, cuervo
Pamela, Reynolds, pamela.reynolds@example.com, 45, female, lazykoala220, wildcard
Emily, Thompson, emily.thompson@example.com, 29, female, crazyfish240, jimbo1
Kristin, Garcia, kristin.garcia@example.com, 46, female, ticklishmouse235, silent
Josep, Cortes, josep.cortes@example.com, 42, male, purpledog820, peterpan
غزل, قاسمی, gzl.qsmy@example.com, 27, female, greenfrog204, horton
Begüm, Eronat, begum.eronat@example.com, 59, female, orangesnake319, student
Rafael, Sims, rafael.sims@example.com, 34, male, silverladybug854, minimoni
Sharron, Lankreijer, sharron.lankreijer@example.com, 54, female, orangeleopard935, 456456
Glen, Fuller, glen.fuller@example.com, 34, male, bluefrog801, vibrate
Regina, Cooper, regina.cooper@example.com, 25, female, bigtiger837, coors
Sharron, Reyes, sharron.reyes@example.com, 70, female, happyostrich147, chuck1
Jo, Roberts, jo.roberts@example.com, 50, female, redduck266, snoopy
Melanie, Hubert, melanie.hubert@example.com, 49, female, yellowgoose467, anaconda
Ho, Peijs, ho.peijs@example.com, 38, female, greenbird600, weaver
Idálio, Novaes, idalio.novaes@example.com, 22, male, heavycat187, southpar
Calvin, Simmons, calvin.simmons@example.com, 50, male, heavytiger704, heaven
Jordi, Parra, jordi.parra@example.com, 24, male, bigladybug887, panzer
Hudson, Walker, hudson.walker@example.com, 31, male, blacktiger815, sanchez
Ella, Mantyla, ella.mantyla@example.com, 68, female, whitemeercat135, mandy1
Basile, Leroux, basile.leroux@example.com, 53, male, heavyelephant763, bbbbbbbb
Sebastian, Petersen, sebastian.petersen@example.com, 68, male, ticklishrabbit197, katrina
Lilly, Wright, lilly.wright@example.com, 30, female, brownlion271, casper1
Iida, Laakso, iida.laakso@example.com, 61, female, beautifullion740, aaaaaaaa
Amelia, Anderson, amelia.anderson@example.com, 53, female, redleopard628, paladin
فاطمه, حیدری, ftmh.hydry@example.com, 24, female, tinypeacock996, penguin
Amalie, Thomsen, amalie.thomsen@example.com, 53, female, tinybutterfly668, swords
Théo, Roux, theo.roux@example.com, 38, male, bigpanda298, santafe
Konsta, Peura, konsta.peura@example.com, 70, male, heavybutterfly359, sprite
Babür, Kahveci, babur.kahveci@example.com, 41, male, angrylion938, forumwp
Hannah, Ambrose, hannah.ambrose@example.com, 24, female, heavypeacock118, nathalie
Lyna, Gaillard, lyna.gaillard@example.com, 72, female, silverfish343, dragon1
Tobias, Rolland, tobias.rolland@example.com, 56, male, goldenduck149, office
Leo, Opgård, leo.opgard@example.com, 26, male, smalllion593, seagull
Alejandro, Ruiz, alejandro.ruiz@example.com, 62, male, happypanda476, pipeline
Levi, Noel, levi.noel@example.com, 34, male, sadzebra455, bowling
Vanesa, Ortiz, vanesa.ortiz@example.com, 37, female, orangeladybug204, maxwell1
Berilo, Lopes, berilo.lopes@example.com, 23, male, blackkoala535, snuggles
Zachary, Gagnon, zachary.gagnon@example.com, 33, male, brownbear385, woodland
Faith, Webb, faith.webb@example.com, 47, female, sadmouse332, justine
Virgil, Owens, virgil.owens@example.com, 58, male, angryzebra945, falcon
Crystal, Ross, crystal.ross@example.com, 49, female, organicrabbit848, nudes
Deniz, Özgörkey, deniz.ozgorkey@example.com, 49, female, blackladybug567, 11111111
Donato, Fogaça, donato.fogaca@example.com, 26, male, lazyzebra379, gatorade
Vildan, Dağdaş, vildan.dagdas@example.com, 75, female, orangerabbit115, blueeyes
Dimitri, Van der Boon, dimitri.vanderboon@example.com, 43, male, happycat206, hottie
Luukas, Perko, luukas.perko@example.com, 59, male, redgoose760, screamer
Castor, Santos, castor.santos@example.com, 46, male, whitemeercat791, hhhh
Lenni, Kantola, lenni.kantola@example.com, 27, male, brownsnake813, snowbird
Isla, Kotila, isla.kotila@example.com, 28, female, purpleduck197, shaolin
Rotraut, Haberkorn, rotraut.haberkorn@example.com, 66, female, greenrabbit382, rodney
ملینا, کریمی, mlyn.khrymy@example.com, 72, female, angrygoose642, charly
Fatima, Marin, fatima.marin@example.com, 34, female, silverlion707, alice1
Gabriel, Gagnon, gabriel.gagnon@example.com, 69, male, blackmeercat802, celeste
سارینا, كامياران, sryn.kmyrn@example.com, 26, female, bluecat637, philippe
Karl, Minten, karl.minten@example.com, 27, male, organickoala290, site
Indie, White, indie.white@example.com, 46, female, blackmeercat770, gate
Chantal, Lecomte, chantal.lecomte@example.com, 63, female, whiteladybug621, kristy
Jennifer, Griffin, jennifer.griffin@example.com, 73, female, heavymeercat747, talk
Jo, Tollefsen, jo.tollefsen@example.com, 74, male, bluesnake222, shauna
Lylou, Guillot, lylou.guillot@example.com, 40, female, yellowduck959, bridge
Julia, Seppanen, julia.seppanen@example.com, 55, female, whitecat849, alpine
Terrance, Steward, terrance.steward@example.com, 64, male, bigostrich138, people
Fritz, Celik, fritz.celik@example.com, 56, male, yellowbird434, carlo
Mildred, Pierce, mildred.pierce@example.com, 62, female, happyfrog631, tiger1
Maëly, Fabre, maely.fabre@example.com, 64, female, orangeswan111, esquire
Janina, Jacobi, janina.jacobi@example.com, 33, female, organiczebra695, smoke1
Leonara, Martins, leonara.martins@example.com, 66, female, crazydog332, trinity
Joshua, Singh, joshua.singh@example.com, 34, male, crazypanda682, 1957
Same, Armstrong, same.armstrong@example.com, 74, male, silverelephant303, 717171
Santina, Teixeira, santina.teixeira@example.com, 31, female, angrygoose878, minimoni
Steven, Price, steven.price@example.com, 27, male, greenfish358, spencer1
Astrid, Sørensen, astrid.sorensen@example.com, 72, female, angrydog180, village
Corentin, Lambert, corentin.lambert@example.com, 42, male, smallbear305, kansas
Frederikke, Nielsen, frederikke.nielsen@example.com, 23, male, heavyrabbit837, jaime
Arnaud, Chow, arnaud.chow@example.com, 23, male, crazylion811, street
Hans-H., Mehnert, hans-h..mehnert@example.com, 55, male, happymeercat385, 1210
Frederikke, Jensen, frederikke.jensen@example.com, 73, male, beautifulfish446, golden
Neea, Wuori, neea.wuori@example.com, 24, female, happylion612, sucks
Zoe, Chen, zoe.chen@example.com, 32, female, orangebutterfly259, candy1
Tomothy, Silva, tomothy.silva@example.com, 56, male, orangerabbit378, badboy
Julio, Rose, julio.rose@example.com, 74, male, ticklishleopard361, happy123
شایان, صدر, shyn.sdr@example.com, 28, male, beautifulzebra623, sprout
Beatrice, Chow, beatrice.chow@example.com, 23, female, bigzebra646, passat
عسل, احمدی, aasl.hmdy@example.com, 64, female, lazyostrich167, redfox
Mathias, Pedersen, mathias.pedersen@example.com, 54, male, blueostrich797, dragon1
Charbel, da Mata, charbel.damata@example.com, 49, male, ticklishgoose538, switch
Kelly, Kelley, kelly.kelley@example.com, 67, male, silverbear457, cookie1
Clara, Møller, clara.moller@example.com, 67, female, brownbutterfly524, doors
Ella, Moilanen, ella.moilanen@example.com, 23, female, bluebutterfly107, island
Soukaïna, Latupeirissa, soukaina.latupeirissa@example.com, 33, female, crazybear348, some
Kaitlin, Eikelboom, kaitlin.eikelboom@example.com, 60, female, organicswan725, kipper
Inmaculada, Muñoz, inmaculada.munoz@example.com, 23, female, sadduck509, 1227
Oscar, Martin, oscar.martin@example.com, 66, male, bluebutterfly149, milton
Mélody, Nicolas, melody.nicolas@example.com, 30, female, heavykoala855, starwars
Eetu, Sippola, eetu.sippola@example.com, 50, male, crazybird782, 5rxypn
Rowdy, Houweling, rowdy.houweling@example.com, 76, male, smallbutterfly597, trevor
Gabriele, Grønnevik, gabriele.gronnevik@example.com, 38, female, redcat273, lister
Alexandra, Sanders, alexandra.sanders@example.com, 25, female, lazybird347, village
Daniel, Hagberg, daniel.hagberg@example.com, 73, male, orangelion628, wizards
Sharleen, Brilman, sharleen.brilman@example.com, 59, female, whitefish502, colin
Jorge, Brown, jorge.brown@example.com, 53, male, happymeercat258, digital1
آیناز, سلطانی نژاد, aynz.sltnynjd@example.com, 75, female, happybird173, monopoly
Filippo, Krahl, filippo.krahl@example.com, 34, male, organicbird584, loud
Reinhilde, Wittke, reinhilde.wittke@example.com, 29, female, crazymeercat238, robin
Jerremy, Gelens, jerremy.gelens@example.com, 24, male, greenmouse749, mingus
Elvira, Tveita, elvira.tveita@example.com, 49, female, organicsnake788, birdman
Ross, Öztürk, ross.ozturk@example.com, 74, male, lazybear666, magician
Mika, Beekmans, mika.beekmans@example.com, 24, male, happylion119, shark1
Isabelle, Moore, isabelle.moore@example.com, 44, female, angryfrog860, blaster
طاها, کریمی, th.khrymy@example.com, 44, male, goldenzebra405, 11223344
Mélina, Brun, melina.brun@example.com, 68, female, bigbird465, fist
Oskar, Fuhr, oskar.fuhr@example.com, 50, male, angrypeacock351, neville
Villads, Olsen, villads.olsen@example.com, 22, male, heavykoala823, buffalo1
Milja, Honkala, milja.honkala@example.com, 30, female, yellowkoala722, videoes
Walter, Phillips, walter.phillips@example.com, 36, male, beautifulmouse870, japanese
Francisco, Montero, francisco.montero@example.com, 57, male, ticklishbutterfly716, bluesky
Mathilde, Renard, mathilde.renard@example.com, 65, female, bigladybug242, blackjac
Ella, Møller, ella.moller@example.com, 53, female, angryfrog266, prince
Brandon, Crawford, brandon.crawford@example.com, 30, male, crazyelephant993, fallout
Axel, Robin, axel.robin@example.com, 76, male, blackmeercat607, ddddddd
Giray, Tekelioğlu, giray.tekelioglu@example.com, 33, male, whitegorilla404, buttercu
Victor, Jimenez, victor.jimenez@example.com, 59, male, angrypeacock343, rainbow6
Mattie, Thomas, mattie.thomas@example.com, 36, female, greenkoala318, rico
Fabrice, Rodriguez, fabrice.rodriguez@example.com, 49, male, crazykoala448, romero
Jamie, Brown, jamie.brown@example.com, 24, female, angrylion336, 2727
Kenneth, Young, kenneth.young@example.com, 62, male, crazybutterfly447, jaguar1
Laiba, Bergan, laiba.bergan@example.com, 74, female, goldenfish687, 1017
Splinter, Van Rootselaar, splinter.vanrootselaar@example.com, 31, male, heavybird304, manolo
Angeles, Gimenez, angeles.gimenez@example.com, 41, female, biggorilla394, amsterda
Matilda, Niemela, matilda.niemela@example.com, 36, female, silverwolf524, patricia
مارال, احمدی, mrl.hmdy@example.com, 31, female, sadrabbit702, cancer
Luisa, Lozano, luisa.lozano@example.com, 28, female, beautifulsnake386, newbie
Elias, Hansen, elias.hansen@example.com, 73, male, brownkoala777, kittys
Tim, Rogers, tim.rogers@example.com, 61, male, organicmeercat583, cccccc
Tom, Schnitzler, tom.schnitzler@example.com, 30, male, crazyduck174, duckman
آوا, كامياران, aw.kmyrn@example.com, 61, female, sadfrog123, cynthia
Anna, Hansen, anna.hansen@example.com, 40, female, yellowgorilla202, flesh
Aleksandra, Reichle, aleksandra.reichle@example.com, 57, female, goldengoose409, helper
Jeremiah, Kelly, jeremiah.kelly@example.com, 60, male, ticklishmeercat279, snapple
Yasin, Tsegay, yasin.tsegay@example.com, 49, male, blackgorilla791, ppppppp
Virgílio, Rocha, virgilio.rocha@example.com, 29, male, yellowlion629, amazon
Pihla, Tuomi, pihla.tuomi@example.com, 42, female, happykoala772, titleist
Ramona, Rice, ramona.rice@example.com, 44, female, blueladybug193, 414141
Clifton, Stewart, clifton.stewart@example.com, 30, male, goldenpeacock894, patience
Edmée, Slenders, edmee.slenders@example.com, 32, female, greencat812, barker
Ditmar, Fischer, ditmar.fischer@example.com, 53, male, orangeswan612, camp
Nella, Kivi, nella.kivi@example.com, 31, female, yellowfish571, pulled
Johanne, Mortensen, johanne.mortensen@example.com, 34, female, bigcat554, surgery
Mia, Walker, mia.walker@example.com, 68, female, purpleswan851, rockon
Ashton, Davies, ashton.davies@example.com, 34, male, yellowduck361, stripper
Abigail, Wilson, abigail.wilson@example.com, 25, female, purpleleopard755, texas
Liane, Hazelaar, liane.hazelaar@example.com, 50, female, lazygorilla250, dirt
Batur, Erberk, batur.erberk@example.com, 64, male, greenfrog481, bobby1
Heidi, Gilbert, heidi.gilbert@example.com, 74, female, bigfrog758, nation
Logan, Owens, logan.owens@example.com, 29, male, beautifulbear568, roadkill
مریم, صدر, mrym.sdr@example.com, 23, female, goldenduck784, smoke
Sofia, Young, sofia.young@example.com, 74, female, sadbutterfly776, shang
Jack, Hall, jack.hall@example.com, 58, male, greenbear535, nipples
حامد, کامروا, hmd.khmrw@example.com, 41, male, redpanda827, pharao
Eeli, Ketola, eeli.ketola@example.com, 60, male, happydog750, connect
Laura, Stephens, laura.stephens@example.com, 26, female, brownzebra619, port
Daniel, Campbell, daniel.campbell@example.com, 32, male, purplemouse652, mariners
فاطمه زهرا, موسوی, ftmhzhr.mwswy@example.com, 30, female, sadleopard972, cobalt
Terri, Chapman, terri.chapman@example.com, 72, female, organicfish742, ball
Lee, Coleman, lee.coleman@example.com, 23, male, redfish858, redred
Gustavo, Ramos, gustavo.ramos@example.com, 58, male, bigcat516, adidas
Svetlana, Dettmann, svetlana.dettmann@example.com, 34, female, blackleopard793, east
Tais, Carvalho, tais.carvalho@example.com, 28, female, organiclion383, goalie
Patrick, Jensen, patrick.jensen@example.com, 29, male, silverladybug318, wisdom
Liam, Bryant, liam.bryant@example.com, 25, male, ticklishduck473, shearer
Jonatã, Cardoso, jonata.cardoso@example.com, 63, male, sadrabbit920, volleyba
Eeli, Kivela, eeli.kivela@example.com, 47, male, redpeacock848, epsilon
Alexandre, Lavigne, alexandre.lavigne@example.com, 53, male, biglion865, wwwwwww
Lucas, Fletcher, lucas.fletcher@example.com, 56, male, ticklishtiger149, sites
Valentine, Moulin, valentine.moulin@example.com, 51, female, greencat930, slutty
Anna, Nielsen, anna.nielsen@example.com, 32, female, bigbird204, karma
Rhonda, Thompson, rhonda.thompson@example.com, 38, female, sadlion196, marlon
Alexander, Rasmussen, alexander.rasmussen@example.com, 22, male, happypanda242, commando
Mathéo, Roussel, matheo.roussel@example.com, 26, male, happybird971, craig
Emma, Saksa, emma.saksa@example.com, 38, female, bigdog117, maxim
Resi, Petri, resi.petri@example.com, 30, female, silverpanda665, bugs
Cecilie, Brown, cecilie.brown@example.com, 48, female, crazyelephant839, viagra
Claudia, Moreno, claudia.moreno@example.com, 71, female, blueostrich466, sommer
Lynn, Gaillard, lynn.gaillard@example.com, 45, female, blackpanda216, harder
Karla, Pedersen, karla.pedersen@example.com, 43, female, redkoala783, oooooooo
Elmer, Holt, elmer.holt@example.com, 68, male, redladybug638, caught
Isabel, Kumar, isabel.kumar@example.com, 26, female, angryleopard909, larkin
Perry, Gregory, perry.gregory@example.com, 51, male, purplelion993, steeler
Gertrude, Gomez, gertrude.gomez@example.com, 43, female, tinybear769, 1112
Lawrence, Davies, lawrence.davies@example.com, 43, male, brownbutterfly560, gideon
Reinald, Kilian, reinald.kilian@example.com, 40, male, smallmouse827, japanese
Johnny, May, johnny.may@example.com, 71, male, blackmeercat278, ejaculation
Daniel, Ambrose, daniel.ambrose@example.com, 45, male, tinyrabbit405, notredam
Aada, Kalm, aada.kalm@example.com, 51, female, bigbear334, karate
Lukas, Muller, lukas.muller@example.com, 68, male, redzebra238, dshade
Alex, Ibañez, alex.ibanez@example.com, 41, male, brownkoala385, 11235813
Lilja, Aalto, lilja.aalto@example.com, 45, female, crazyfish134, monique
Jim, Hudson, jim.hudson@example.com, 75, male, crazywolf587, 1001
Kaya, Türkdoğan, kaya.turkdogan@example.com, 30, male, whitekoala455, annette
Marcelino, Souza, marcelino.souza@example.com, 40, male, sadzebra422, hawaii50
آریا, احمدی, ary.hmdy@example.com, 35, male, redtiger341, xavier
Luisa, Joly, luisa.joly@example.com, 32, female, orangeelephant330, gangbanged
سهیل, علیزاده, shyl.aalyzdh@example.com, 68, male, ticklishbear364, kristy
Esat, Hakyemez, esat.hakyemez@example.com, 55, male, goldenpeacock888, pain
Alejandra, Vega, alejandra.vega@example.com, 75, female, whitebear479, samsung
Mestan, Sezek, mestan.sezek@example.com, 25, female, yellowdog227, lancer
Evelyn, Ramos, evelyn.ramos@example.com, 73, female, tinymouse278, flyers
Keith, Soto, keith.soto@example.com, 48, male, lazyladybug434, guiness
Frøya, Grønås, froya.gronas@example.com, 68, female, ticklishswan634, mpegs
Edo, Rocha, edo.rocha@example.com, 68, male, heavydog304, dogdog
Franca, Schmitt, franca.schmitt@example.com, 66, female, heavylion481, meow
Erik, Kunze, erik.kunze@example.com, 60, male, tinyladybug312, magpie
Toni, Andre, toni.andre@example.com, 42, male, ticklishmouse174, shonuf
Alberto, Lord, alberto.lord@example.com, 53, male, blacklion633, barry1
Davut, Sezek, davut.sezek@example.com, 30, male, blackkoala721, jasmine
Marino, Lopes, marino.lopes@example.com, 51, male, smallfish421, storm1
Andrew, Little, andrew.little@example.com, 25, male, happyswan436, blood
Vanesa, Rodrigues, vanesa.rodrigues@example.com, 66, female, yellowladybug173, racer
Nina, Resell, nina.resell@example.com, 41, female, whitegorilla529, masturbation
Nalan, Tekand, nalan.tekand@example.com, 52, female, goldengorilla525, cyrano
Carl, Nielsen, carl.nielsen@example.com, 27, male, tinycat605, offshore
Fatma, Ertürk, fatma.erturk@example.com, 26, female, beautifulleopard546, paloma
Lyna, Faure, lyna.faure@example.com, 44, female, sadduck349, marlon
Adrian, Montero, adrian.montero@example.com, 27, male, redswan611, foxy
Sedef, Süleymanoğlu, sedef.suleymanoglu@example.com, 61, female, lazykoala882, fishon
Cameron, Perkins, cameron.perkins@example.com, 22, male, blacksnake315, cory
Justin, Tremblay, justin.tremblay@example.com, 71, male, heavyladybug383, spoon
Gordon, Cook, gordon.cook@example.com, 57, male, lazycat872, ferrari1
Thomas, Van Balkom, thomas.vanbalkom@example.com, 68, male, happysnake552, teddy
Eva, Bates, eva.bates@example.com, 30, female, brownbird941, calico
Özkan, Polat, ozkan.polat@example.com, 43, male, smalltiger440, angelo
Elias, Couri, elias.couri@example.com, 55, male, silverlion362, nanook
Adam, Poulsen, adam.poulsen@example.com, 31, male, lazycat178, 1701
Lily, Barnaby, lily.barnaby@example.com, 64, female, greensnake414, blue32
Ninon, Rousseau, ninon.rousseau@example.com, 30, female, orangeleopard686, tina
غزل, صدر, gzl.sdr@example.com, 49, female, blueladybug889, harley1
Domenico, Klapper, domenico.klapper@example.com, 65, male, organicladybug987, snake1
Camilla, Ytterstad, camilla.ytterstad@example.com, 34, female, angryladybug917, 1957
Çetin, Akgül, cetin.akgul@example.com, 28, male, brownmeercat932, marjorie
Leonardo, Aamodt, leonardo.aamodt@example.com, 38, male, smallladybug263, magic1
Ashley, Herrera, ashley.herrera@example.com, 37, female, angryzebra131, nellie
محمدعلی, جعفری, mhmdaaly.jaafry@example.com, 54, male, redpeacock779, woofer
Miguel, Ramirez, miguel.ramirez@example.com, 52, male, bigduck457, route66
Barış, Türkdoğan, baris.turkdogan@example.com, 67, male, tinyduck822, austin31
Alfred, Nielsen, alfred.nielsen@example.com, 30, male, yellowcat751, quebec
Roberto, Sanz, roberto.sanz@example.com, 37, male, beautifullion944, daytona
David, Tahir, david.tahir@example.com, 52, male, crazyduck642, kodiak
Onni, Lampo, onni.lampo@example.com, 42, male, goldensnake688, playoffs
Maélie, Lacroix, maelie.lacroix@example.com, 27, female, heavytiger634, reserve
Cherly, Turner, cherly.turner@example.com, 70, female, sadpanda110, dookie
Tracy, Diaz, tracy.diaz@example.com, 39, female, organicduck744, shaolin
Jonas, Zakariassen, jonas.zakariassen@example.com, 39, male, organictiger474, aaaaaa
Logan, Singh, logan.singh@example.com, 59, male, angryfish994, slapper
Jasmine, Lo, jasmine.lo@example.com, 69, female, angrykoala182, silvia
Sofia, Hanninen, sofia.hanninen@example.com, 59, female, bluetiger581, warning
Thea, Hansen, thea.hansen@example.com, 40, female, heavykoala679, malcolm
Adèle, Giraud, adele.giraud@example.com, 52, female, brownwolf999, beaches
Tristan, Jensen, tristan.jensen@example.com, 57, male, lazytiger779, cody
Ernestine, Krug, ernestine.krug@example.com, 26, female, tinyleopard662, prowler
Pracídio, Farias, pracidio.farias@example.com, 67, male, browntiger903, billyboy
Stella, White, stella.white@example.com, 26, female, orangepanda577, vivian
Thomas, Gardner, thomas.gardner@example.com, 66, male, yellowrabbit142, terminat
Ena, Van de Coolwijk, ena.vandecoolwijk@example.com, 76, female, purplemeercat475, falcon1
Konsta, Seppala, konsta.seppala@example.com, 52, male, lazysnake301, scott
Emilie, Menard, emilie.menard@example.com, 42, female, heavyfrog136, goose
Soren, Lacroix, soren.lacroix@example.com, 69, male, redostrich224, tunafish
Becky, Moreno, becky.moreno@example.com, 33, female, sadsnake322, tigers
Brittney, Pannekoek, brittney.pannekoek@example.com, 22, female, ticklishbutterfly788, fdsa
Marianne, Tveite, marianne.tveite@example.com, 75, female, greenleopard395, caramel
Elizabeth, Freeman, elizabeth.freeman@example.com, 42, female, silvergoose237, trainer
Kristen, Newman, kristen.newman@example.com, 48, female, ticklishpeacock911, scout
Oscar, Wilson, oscar.wilson@example.com, 41, male, blackostrich890, gryphon
Ebba, Mjøen, ebba.mjoen@example.com, 64, female, blackwolf662, stormy
Marcus, Ammann, marcus.ammann@example.com, 40, male, orangegoose170, paper
Karl, Roussel, karl.roussel@example.com, 44, male, orangemeercat486, club
Pınar, Olsthoorn, pinar.olsthoorn@example.com, 44, female, organiczebra379, nomad
Arthur, Carroll, arthur.carroll@example.com, 59, male, yellowpeacock245, tong
Ninon, Marchand, ninon.marchand@example.com, 63, female, redrabbit981, cafc91
پرنیا, نكو نظر, prny.nkwnzr@example.com, 40, female, angrybear110, drum
Anna, Roberts, anna.roberts@example.com, 45, female, heavysnake298, picturs
Noah, Lavigne, noah.lavigne@example.com, 31, male, brownpeacock590, loveme
Bertram, Mortensen, bertram.mortensen@example.com, 68, male, beautifulgorilla673, dank
Travis, Pierce, travis.pierce@example.com, 62, male, happyostrich775, omar
Bernard, Arnold, bernard.arnold@example.com, 47, male, brownbird428, complete
Arthur, Anderson, arthur.anderson@example.com, 30, male, whitetiger330, tattoo
Mikael, Tanner, mikael.tanner@example.com, 23, male, smallfish645, bomber
Thomas, Meyer, thomas.meyer@example.com, 54, male, sadgoose753, rodman
Liv, Kjølberg, liv.kjolberg@example.com, 55, female, happycat501, 2020
Tristan, Scott, tristan.scott@example.com, 67, male, redleopard907, gundam
Anna, Weide, anna.weide@example.com, 54, female, angryduck467, serena
Aaliyah, Thompson, aaliyah.thompson@example.com, 51, female, organickoala154, peanuts
Ricardo, Romero, ricardo.romero@example.com, 52, male, silverrabbit169, spinner
Joshua, Giraud, joshua.giraud@example.com, 35, male, orangeladybug881, llllll
Ella, Halko, ella.halko@example.com, 41, female, yellowgorilla694, microsof
Ceyhan, Topaloğlu, ceyhan.topaloglu@example.com, 62, female, orangetiger267, harry1
Juliette, Macdonald, juliette.macdonald@example.com, 50, female, redfish524, fletch
Guy, Meyer, guy.meyer@example.com, 68, male, crazyostrich582, happy1
Isaac, Mjåland, isaac.mjaland@example.com, 25, male, goldenelephant878, 24680
Kristina, Rhodes, kristina.rhodes@example.com, 43, female, bigbird726, jetta
Anna, Johansen, anna.johansen@example.com, 43, female, beautifulzebra402, roadrunn
Brígida, Fernandes, brigida.fernandes@example.com, 59, female, greenwolf366, barry
Bastian, Jeppesen, bastian.jeppesen@example.com, 23, male, purpledog767, sabbath
Lilou, Giraud, lilou.giraud@example.com, 40, female, smallelephant291, deng
Alejandro, Fernandez, alejandro.fernandez@example.com, 29, male, goldenswan247, orion1
Vincent, Cooper, vincent.cooper@example.com, 68, male, sadostrich335, campbell
Elliot, Morel, elliot.morel@example.com, 54, male, whiteostrich377, skin
Ida, Allen, ida.allen@example.com, 41, female, happyfrog948, olive
Angel, Little, angel.little@example.com, 44, male, whitefish747, patch
Gertrude, Larson, gertrude.larson@example.com, 70, female, bigbird409, lipstick
Nicolas, Wong, nicolas.wong@example.com, 56, male, smallmouse524, ashton
Simon, Lavoie, simon.lavoie@example.com, 43, male, blackgoose752, oceans
Ted, Peper, ted.peper@example.com, 39, male, sadkoala975, sick
Josef, Miles, josef.miles@example.com, 27, male, tinytiger966, thunderb
Josefine, Christiansen, josefine.christiansen@example.com, 31, female, heavygorilla326, zulu
Eleonore, Wols, eleonore.wols@example.com, 27, female, organicpeacock953, cadillac
Adna, Lid, adna.lid@example.com, 64, female, beautifulbird754, billy1
Oda, Bjørnevik, oda.bjornevik@example.com, 28, female, happybird547, terminat
Minttu, Niskanen, minttu.niskanen@example.com, 60, female, heavybird860, jomama
Reingard, Stegmann, reingard.stegmann@example.com, 52, female, redpeacock526, clevelan
Luukas, Lahti, luukas.lahti@example.com, 34, male, crazylion288, darklord
Joseph, Griffin, joseph.griffin@example.com, 27, male, bigcat450, walmart
Davide, Poort, davide.poort@example.com, 26, male, greengoose220, weiner
Luna, Petit, luna.petit@example.com, 65, female, orangefish468, pressure
James, Lewis, james.lewis@example.com, 41, male, ticklishpanda458, genius
Carmelo, Roger, carmelo.roger@example.com, 40, male, purplekoala144, cheetah
Juliane, Kampe, juliane.kampe@example.com, 34, female, ticklishostrich585, model
Rose, Amdal, rose.amdal@example.com, 51, female, greenzebra714, skidoo
Miro, Aho, miro.aho@example.com, 65, male, sadtiger572, corleone
Safae, Hulsen, safae.hulsen@example.com, 32, female, goldendog985, vincent1
Alfred, Ødegård, alfred.odegard@example.com, 54, male, redladybug784, rams
Oscar, Anderson, oscar.anderson@example.com, 52, male, beautifulzebra425, dustin
نيما, گلشن, nym.glshn@example.com, 55, male, blackbear640, chinook
Alicia, Harcourt, alicia.harcourt@example.com, 73, female, smallleopard611, peter
Vicente, Hernandez, vicente.hernandez@example.com, 65, male, organicbear912, 111222
Jayden, Wong, jayden.wong@example.com, 31, male, smallbutterfly312, wwww
Victor, Roy, victor.roy@example.com, 73, male, heavylion288, 545454
Gerry, Johnston, gerry.johnston@example.com, 73, male, heavymeercat527, joshua1
Ece, Karaduman, ece.karaduman@example.com, 41, female, crazybird172, balloon
Herman, Rodriguez, herman.rodriguez@example.com, 38, male, yellowwolf485, ashleigh
Samuel, Fuentes, samuel.fuentes@example.com, 72, male, goldenkoala213, trial
Elvira, Brun, elvira.brun@example.com, 54, female, bluebear734, babylon
Katherine, Byrd, katherine.byrd@example.com, 59, female, greenduck315, cabron
Mustafa, Jüttner, mustafa.juttner@example.com, 44, male, ticklishbutterfly640, fashion
Ron, Prescott, ron.prescott@example.com, 51, male, greenswan436, jayson
Sally, Holmes, sally.holmes@example.com, 23, female, orangefish802, deep
Gustav, Møller, gustav.moller@example.com, 40, male, smallmouse859, sneakers
عرشيا, پارسا, aarshy.prs@example.com, 39, male, tinybutterfly598, baby
Louise, Bowman, louise.bowman@example.com, 44, female, angrydog888, team
Lea, Moulin, lea.moulin@example.com, 51, female, smallpeacock558, whiskers
Ella, Mitchell, ella.mitchell@example.com, 74, female, blackgoose683, brittney
Bruce, Russell, bruce.russell@example.com, 44, male, bluecat977, woohoo
Naja, Larsen, naja.larsen@example.com, 39, female, orangecat560, jimbo1
Fatih, Tuğluk, fatih.tugluk@example.com, 41, male, yellowgoose720, sites
Raphaël, Bernard, raphael.bernard@example.com, 58, male, silverfrog784, zxcvbn
Samu, Kalas, samu.kalas@example.com, 64, male, whitepanda491, single
Enzo, Francois, enzo.francois@example.com, 26, male, silverelephant912, north
Angela, Dominguez, angela.dominguez@example.com, 55, female, crazypeacock290, gotcha
Daphné, Roy, daphne.roy@example.com, 44, female, blackostrich447, jester
Finn, Walker, finn.walker@example.com, 49, male, whitekoala586, pakistan
Tess, Rousseau, tess.rousseau@example.com, 55, female, bluezebra567, bennie
Anthony, Snyder, anthony.snyder@example.com, 30, male, tinyelephant846, lady
Jacob, Wood, jacob.wood@example.com, 24, male, smalldog231, chun
Paul, Moreno, paul.moreno@example.com, 32, male, bigcat329, ford
Marc, Ortega, marc.ortega@example.com, 55, male, goldenbird642, madden
Magnus, Nielsen, magnus.nielsen@example.com, 56, male, orangewolf431, pimp
Djura, Klooster, djura.klooster@example.com, 67, female, angrymouse429, dreams
Amalia, Fournier, amalia.fournier@example.com, 49, female, greenmouse667, payday
Roxane, Louis, roxane.louis@example.com, 75, female, happyostrich973, aptiva
Catherine, Garza, catherine.garza@example.com, 42, female, purpleostrich609, abstr
Joice, Rodrigues, joice.rodrigues@example.com, 75, female, bigrabbit153, pizza1
Zoe, Gill, zoe.gill@example.com, 62, female, heavyswan235, sweet
Suzanne, Foster, suzanne.foster@example.com, 51, female, heavyladybug289, catnip
Eduardo, Nieto, eduardo.nieto@example.com, 36, male, whitezebra516, brewster
Karen, Meehan, karen.meehan@example.com, 23, female, sadgoose861, criminal
Begüm, Kulaksızoğlu, begum.kulaksizoglu@example.com, 37, female, redbird502, bryant
Madison, Green, madison.green@example.com, 53, female, redgorilla762, ellie
Clara, Madsen, clara.madsen@example.com, 50, female, bigpeacock785, universe
Nalan, Erbay, nalan.erbay@example.com, 30, female, goldenpanda856, snatch
Storm, Kristensen, storm.kristensen@example.com, 65, male, greenrabbit296, edwards
Sophia, Lévesque, sophia.levesque@example.com, 69, female, silverswan754, evil
Anna, Rohde, anna.rohde@example.com, 61, female, happyfrog478, sandra
Kyle, Collins, kyle.collins@example.com, 72, male, bigwolf814, 1231
Lars, Fleury, lars.fleury@example.com, 46, male, greengorilla392, cantona
Everett, Willis, everett.willis@example.com, 38, male, angrybird767, longhorn
Esat, Berberoğlu, esat.berberoglu@example.com, 74, male, yellowswan769, castor
Moses, Bukkems, moses.bukkems@example.com, 66, male, purplebutterfly899, jeep
Cesar, Saez, cesar.saez@example.com, 33, male, organicdog848, clippers
Kadir, Ertepınar, kadir.ertepinar@example.com, 49, male, crazyfrog481, ring
Hannah, Robert, hannah.robert@example.com, 48, female, lazyladybug217, golden
Andrea, Madsen, andrea.madsen@example.com, 69, female, goldensnake736, zhun
Kylie, Powell, kylie.powell@example.com, 22, female, organicleopard869, noelle
Milo, Girard, milo.girard@example.com, 40, male, greenswan461, vader
Antoine, Park, antoine.park@example.com, 23, male, organiclion761, buffy1
Sofia, Macdonald, sofia.macdonald@example.com, 36, female, crazykoala520, passme
Ellie, Jones, ellie.jones@example.com, 66, female, organicsnake995, fortuna
Aaliyah, Green, aaliyah.green@example.com, 65, female, angrybird667, jeter2
Niilo, Walli, niilo.walli@example.com, 28, male, beautifulwolf113, traffic
Susanne, Tangen, susanne.tangen@example.com, 56, female, greenzebra980, pa55w0rd
Athanasios, Neufeld, athanasios.neufeld@example.com, 39, male, lazycat907, pumpkins
Milia, Bekkelund, milia.bekkelund@example.com, 68, female, sadtiger480, homemade
Aliciane, das Neves, aliciane.dasneves@example.com, 62, female, beautifullion609, thebear
Özsu, Örge, ozsu.orge@example.com, 45, female, smallostrich124, ghost
Ortrud, Edelmann, ortrud.edelmann@example.com, 47, female, heavygoose398, tracer
مهرسا, زارعی, mhrs.zraay@example.com, 53, female, greenrabbit701, irish1
Daniel, James, daniel.james@example.com, 32, male, brownsnake841, sf49ers
Rodney, Day, rodney.day@example.com, 46, male, heavymouse241, 10101010
Soham, Johnston, soham.johnston@example.com, 52, male, silverfrog849, trader
Joris, Dufour, joris.dufour@example.com, 64, male, crazybird658, salomon
Pierre-Alain, Lacroix, pierre-alain.lacroix@example.com, 51, male, redduck526, wg8e3wjf
Gavin, Miller, gavin.miller@example.com, 59, male, whitemeercat610, craving
Nancy, da Paz, nancy.dapaz@example.com, 30, female, blackleopard642, french
Maxwell, Graham, maxwell.graham@example.com, 27, male, blackpeacock167, ming
محمدمهدی, رضایی, mhmdmhdy.rdyy@example.com, 62, male, beautifulgoose153, sprite
Lucy, Smith, lucy.smith@example.com, 34, female, happyrabbit362, futbol
Marshall, Price, marshall.price@example.com, 42, male, whitefrog715, internal
Hélvio, Dias, helvio.dias@example.com, 72, male, tinyduck606, malibu
Anna, Reed, anna.reed@example.com, 30, female, lazyelephant685, double
Ronald, Myers, ronald.myers@example.com, 73, male, ticklishgoose221, chichi
Dolores, Ott, dolores.ott@example.com, 30, female, redbutterfly664, diva
بنیامین, مرادی, bnymyn.mrdy@example.com, 30, male, whitegoose292, dudedude
Mélina, Legrand, melina.legrand@example.com, 48, female, ticklishmeercat515, payton
Madison, Green, madison.green@example.com, 74, female, orangesnake235, visual
Salvador, Crespo, salvador.crespo@example.com, 33, male, angrywolf257, video1
Hudson, Lo, hudson.lo@example.com, 51, male, bluecat709, shemale
Ingmar, Kolltveit, ingmar.kolltveit@example.com, 70, male, brownduck133, bluesman
Gaëlle, Andre, gaelle.andre@example.com, 37, female, orangepeacock289, elway7
Aada, Mattila, aada.mattila@example.com, 32, female, greenostrich709, strip
Eloida, Monteiro, eloida.monteiro@example.com, 30, female, heavywolf895, zhui
Judith, Little, judith.little@example.com, 68, female, crazymeercat518, sliver
Iago, Castro, iago.castro@example.com, 30, male, yellowladybug255, sloppy
Dilermando, Rezende, dilermando.rezende@example.com, 24, male, sadtiger796, verbatim
Tabita, Rodrigues, tabita.rodrigues@example.com, 34, female, smallleopard788, damian
Abigail, Smith, abigail.smith@example.com, 26, female, brownrabbit981, 33333
Susie, Knight, susie.knight@example.com, 48, female, purpleswan489, goodgirl
Viivi, Saarela, viivi.saarela@example.com, 66, female, tinybird817, something
Duane, Fernandez, duane.fernandez@example.com, 36, male, ticklishzebra523, 124038
Andreas, Jensen, andreas.jensen@example.com, 72, male, purpletiger108, 1001
Deniz, Kutlay, deniz.kutlay@example.com, 76, female, sadpanda612, poopy
Ingried, Wesemann, ingried.wesemann@example.com, 50, female, goldencat906, 24680
Lillian, Garrett, lillian.garrett@example.com, 33, female, orangebear633, qwert1
Sonia, Wallace, sonia.wallace@example.com, 61, female, browndog901, ghetto
Jesus, Marshall, jesus.marshall@example.com, 50, male, beautifulcat911, lips
Peter, Rustand, peter.rustand@example.com, 71, male, orangemeercat657, callum
Julia, Calvo, julia.calvo@example.com, 40, female, sadgorilla836, pussycat
مانی, حسینی, mny.hsyny@example.com, 51, male, whiteswan822, mingus
آیلین, قاسمی, aylyn.qsmy@example.com, 25, female, happyduck609, peter
Alma, Sieg, alma.sieg@example.com, 41, female, bigfish844, getout
Gregory, Day, gregory.day@example.com, 51, male, ticklishfish303, beverly
David, Guillaume, david.guillaume@example.com, 61, male, bluepanda730, pack
Emma, Davies, emma.davies@example.com, 68, female, ticklishfrog454, zelda
Ahmet, Koçyiğit, ahmet.kocyigit@example.com, 44, male, heavypanda771, beef
Richard, Parker, richard.parker@example.com, 75, male, bluepeacock602, asdfghjk
Rosa, Burke, rosa.burke@example.com, 46, female, angryswan653, vivid
Bonnie, Ford, bonnie.ford@example.com, 31, female, sadostrich493, darklord
Hugh, Johnston, hugh.johnston@example.com, 31, male, crazyelephant823, ludwig
Sarah, Leclerc, sarah.leclerc@example.com, 54, female, purplebutterfly744, simba
Christine, Hall, christine.hall@example.com, 44, female, tinykoala242, gregor
Ali, Bolatlı, ali.bolatli@example.com, 72, male, lazybird572, dusty
Maik, Vincent, maik.vincent@example.com, 36, male, greenswan920, warrior
Alessio, Guillot, alessio.guillot@example.com, 37, male, orangemouse886, philippe
Kelly, Carroll, kelly.carroll@example.com, 40, female, smalldog154, wasabi
Richard, Roberts, richard.roberts@example.com, 44, male, heavykoala990, farside
Hilla, Karvonen, hilla.karvonen@example.com, 70, female, heavyostrich178, asdfasdf
Christi, De Witte, christi.dewitte@example.com, 27, female, heavybird324, sassy1
Heidy, Riviere, heidy.riviere@example.com, 26, female, lazytiger785, strife
Lloyd, Fox, lloyd.fox@example.com, 41, male, angrybear261, gretzky
Rosalyn, Dunne, rosalyn.dunne@example.com, 37, female, bigcat497, chevy1
Kiara, Fernandez, kiara.fernandez@example.com, 42, female, crazypanda124, zaq123
Carl, Jensen, carl.jensen@example.com, 34, male, heavybird847, fart
Troy, Stone, troy.stone@example.com, 70, male, heavyostrich391, sooners
Julia, Shelton, julia.shelton@example.com, 22, female, yellowlion256, peach
Brigitte, Wichmann, brigitte.wichmann@example.com, 68, female, crazydog588, lestat
Glenda, Neal, glenda.neal@example.com, 36, female, bigsnake936, iceman
Nicklas, Mortensen, nicklas.mortensen@example.com, 32, male, blueladybug432, smokey1
Oya, Tazegül, oya.tazegul@example.com, 22, female, ticklishduck308, badgirl
Silas, Petersen, silas.petersen@example.com, 59, male, bluetiger118, kelley
Tony, Hayes, tony.hayes@example.com, 40, male, beautifulmouse358, gorilla
Misty, Robinson, misty.robinson@example.com, 33, female, orangepanda467, goforit
Jörg, Morel, jorg.morel@example.com, 67, male, brownladybug404, idontkno
Metin, Wald, metin.wald@example.com, 40, male, yellowduck657, volley
Emelie, Hov, emelie.hov@example.com, 71, female, greencat436, accord
Jackson, Walker, jackson.walker@example.com, 38, male, organicbear339, ripper
Gene, Hanson, gene.hanson@example.com, 75, male, greenfrog790, excess
Aline, Anfinsen, aline.anfinsen@example.com, 69, female, smallkoala626, lorena
Armano, Geleijnse, armano.geleijnse@example.com, 32, male, blackswan445, dallas1
Raul, Cano, raul.cano@example.com, 60, male, redgorilla595, kelvin
ستایش, جعفری, stysh.jaafry@example.com, 61, female, ticklishsnake762, electric
Guiomar, Porto, guiomar.porto@example.com, 51, female, organicbear674, bama
Nadir, Aragão, nadir.aragao@example.com, 51, female, greenladybug492, shun
Afet, Türkdoğan, afet.turkdogan@example.com, 52, female, happyfish313, coco
Lola, Renaud, lola.renaud@example.com, 44, female, orangefish956, freak
Elif, Çetiner, elif.cetiner@example.com, 46, female, yellowkoala994, rubble
Gregório, da Cruz, gregorio.dacruz@example.com, 74, male, orangegoose167, auburn
Tristan, Robert, tristan.robert@example.com, 33, male, organiclion386, bella1
Jimmie, Ruiz, jimmie.ruiz@example.com, 69, male, orangefrog332, public
Joseph, Campbell, joseph.campbell@example.com, 24, male, bluetiger866, sierra
Hans-Ulrich, Strohmeier, hans-ulrich.strohmeier@example.com, 24, male, smalldog935, 13579
Edelbert, Otto, edelbert.otto@example.com, 27, male, organicgorilla838, 5150
Anne-Rose, Nolting, anne-rose.nolting@example.com, 55, female, angrytiger811, hotmail1
Juana, Cortes, juana.cortes@example.com, 47, female, goldensnake249, miriam
Marisvalda, Rezende, marisvalda.rezende@example.com, 47, female, whitesnake558, sound
Indie, Johnson, indie.johnson@example.com, 33, female, blackfish899, mylife
Tom, Sutton, tom.sutton@example.com, 73, male, yellowzebra886, christi
Jeanne, Hall, jeanne.hall@example.com, 68, female, whiterabbit333, isaac
Kathelijne, Slotboom, kathelijne.slotboom@example.com, 50, female, goldengorilla719, memory
Afet, Adıvar, afet.adivar@example.com, 60, female, yellowzebra105, fighting
Tora, Mostue, tora.mostue@example.com, 64, female, bluemeercat715, carrie
Alida, Rusch, alida.rusch@example.com, 63, female, ticklishostrich739, iforget
Victoria, Nielsen, victoria.nielsen@example.com, 55, female, silverelephant738, pirates
Amine, Klette, amine.klette@example.com, 60, female, yellowfish447, 989898
Izzie, Byrd, izzie.byrd@example.com, 65, female, redleopard546, hookup
Virginia, Vazquez, virginia.vazquez@example.com, 60, female, goldenelephant193, aberdeen
Ayşe, Kulaksızoğlu, ayse.kulaksizoglu@example.com, 67, female, bigswan467, sandra
Stanley, Kennedy, stanley.kennedy@example.com, 58, male, bigcat881, sailing
Jose, Ramos, jose.ramos@example.com, 53, female, orangecat674, warner
Alberto, Jimenez, alberto.jimenez@example.com, 43, male, ticklishpanda582, dummy
Emilie, Petersen, emilie.petersen@example.com, 63, female, bigzebra860, letmein
Jeanne, Robertson, jeanne.robertson@example.com, 50, female, lazyduck833, gunnar
Justine, Thompson, justine.thompson@example.com, 49, female, beautifulgoose952, marijuan
Wigbert, Schaper, wigbert.schaper@example.com, 22, male, redgorilla200, comfort
Önal, Öztonga, onal.oztonga@example.com, 74, male, heavygoose553, 3030
Karla, Petersen, karla.petersen@example.com, 70, female, silverostrich466, hemlock
Judy, Douglas, judy.douglas@example.com, 32, female, beautifulpeacock619, seeker
مهدیس, کوتی, mhdys.khwty@example.com, 51, female, beautifulmeercat863, letter
Didier, Meunier, didier.meunier@example.com, 67, male, smalltiger853, hogtied
Terrence, Lopez, terrence.lopez@example.com, 61, male, ticklishleopard672, tomahawk
Ayşe, Barbarosoğlu, ayse.barbarosoglu@example.com, 50, female, tinykoala561, pistol
Lachlan, Thompson, lachlan.thompson@example.com, 49, male, crazyleopard200, flower1
Malik, Morin, malik.morin@example.com, 51, male, whitekoala590, tyler1
Edgar, Chevalier, edgar.chevalier@example.com, 71, male, ticklishpanda761, luckydog
Eren, Türkdoğan, eren.turkdogan@example.com, 43, male, yellowelephant196, black
Glen, Silva, glen.silva@example.com, 52, male, greenswan477, simone
Maëva, Morel, maeva.morel@example.com, 38, female, redgorilla154, longdong
Abdul, Holtz, abdul.holtz@example.com, 24, male, happyladybug489, nipper
Ray, Armstrong, ray.armstrong@example.com, 32, male, ticklishsnake355, azzer
Daniel, Edwards, daniel.edwards@example.com, 31, male, lazycat282, cowboy
Eduardo, Thomas, eduardo.thomas@example.com, 31, male, tinykoala113, shogun
محیا, حیدری, mhy.hydry@example.com, 70, female, bluefish240, vader1
Jose, Rhodes, jose.rhodes@example.com, 51, male, crazycat467, dusty
Kasper, Laakso, kasper.laakso@example.com, 32, male, goldenswan615, sevens
Molly, Bell, molly.bell@example.com, 40, female, smallcat534, corvette
Jill, Moore, jill.moore@example.com, 59, female, lazybutterfly651, lebowski
Brooklyn, Howard, brooklyn.howard@example.com, 26, female, silverleopard673, unicorn
Patricia, Stanley, patricia.stanley@example.com, 68, female, browncat833, herbie
Jennifer, Bennett, jennifer.bennett@example.com, 50, female, organicsnake200, chase1
Lyam, Boyer, lyam.boyer@example.com, 54, male, smallgorilla503, hollie
Veronika, Schlesinger, veronika.schlesinger@example.com, 23, female, happyfrog408, soul
Malthe, Madsen, malthe.madsen@example.com, 67, male, redpeacock762, phoebe
Line, Dufour, line.dufour@example.com, 35, female, silverzebra323, mildred
Sauro, das Neves, sauro.dasneves@example.com, 29, male, silvertiger852, hiziad
Ryan, Clarke, ryan.clarke@example.com, 72, male, purplelion250, korn
Gudrun, Hantke, gudrun.hantke@example.com, 30, female, beautifulswan814, flash
Dylan, Thomas, dylan.thomas@example.com, 70, male, beautifulsnake679, raistlin
Heine, Frøysa, heine.froysa@example.com, 31, male, happylion219, puck
Victoria, Brown, victoria.brown@example.com, 28, female, orangelion391, philips
Mie, Skarbø, mie.skarbo@example.com, 68, female, organicbird223, greene
Hanna, Carl, hanna.carl@example.com, 56, female, redleopard682, 1004
Kasper, Pietila, kasper.pietila@example.com, 38, male, silverpanda532, custom
Enrique, Jimenez, enrique.jimenez@example.com, 57, male, organicpanda182, mandrake
Johnny, Obrien, johnny.obrien@example.com, 56, male, whitebear648, sloppy
Justin, George, justin.george@example.com, 24, male, tinysnake376, toomuch
Ernest, Perkins, ernest.perkins@example.com, 55, male, redlion720, vamp
Alessandra, Guerin, alessandra.guerin@example.com, 68, female, purplerabbit738, shiloh
Catherine, Pena, catherine.pena@example.com, 69, female, heavymouse422, babylon5
سارا, قاسمی, sr.qsmy@example.com, 31, female, silverbird910, messiah
Ricky, Silva, ricky.silva@example.com, 70, male, angrymeercat261, hookem
Maeva, Gagnon, maeva.gagnon@example.com, 43, female, redfrog788, paulie
Alexandre, Harcourt, alexandre.harcourt@example.com, 57, male, brownelephant897, badboy
Etienne, Sirko, etienne.sirko@example.com, 30, male, yellowrabbit307, 321321
Vedat, Sadıklar, vedat.sadiklar@example.com, 56, male, organicgorilla476, 1943
Michael, Bradley, michael.bradley@example.com, 35, male, lazybear684, cirrus
Latife, Akman, latife.akman@example.com, 63, female, orangefish804, church
Valerie, Obrien, valerie.obrien@example.com, 58, female, whitebear600, riversid
Chris, Gilbert, chris.gilbert@example.com, 75, male, sadmeercat350, snow
Edmond, Riviere, edmond.riviere@example.com, 26, male, silvergoose907, fantasia
Ivanise, da Luz, ivanise.daluz@example.com, 70, female, yellowduck400, hannah
Tracy, Newman, tracy.newman@example.com, 41, female, lazyduck340, lighting
Dorle, Zacharias, dorle.zacharias@example.com, 31, female, silvercat704, kisskiss
Isabel, Marquez, isabel.marquez@example.com, 63, female, ticklishbutterfly324, qwerty7
Ed, Phillips, ed.phillips@example.com, 68, male, bluerabbit592, canyon
بردیا, موسوی, brdy.mwswy@example.com, 71, male, purplemeercat116, floppy
Imad, Carels, imad.carels@example.com, 46, male, silverbird768, bbbbbb1
Annie, Ramos, annie.ramos@example.com, 35, female, sadbird702, tenchi
Martha, Richardson, martha.richardson@example.com, 62, female, orangemeercat533, revolver
Jane, Byrd, jane.byrd@example.com, 51, female, greenbutterfly323, lover1
Miro, Haataja, miro.haataja@example.com, 57, male, tinywolf685, kelsey
Paul, Bell, paul.bell@example.com, 57, male, silverleopard181, bigger
Judy, Ferguson, judy.ferguson@example.com, 68, female, heavycat303, helium
Capucine, Francois, capucine.francois@example.com, 67, female, ticklishsnake166, 5wr2i7h8
Luca, King, luca.king@example.com, 73, male, browntiger738, vikings
Jesus, Sanz, jesus.sanz@example.com, 28, male, redbird548, 1michael
Fred, Gray, fred.gray@example.com, 53, male, lazyleopard893, sydney
Gracielen, Carvalho, gracielen.carvalho@example.com, 69, female, smallsnake846, homepage-
Vincent, Pelletier, vincent.pelletier@example.com, 48, male, yellowpanda475, swallow
Chad, Stone, chad.stone@example.com, 52, male, redbutterfly842, rhythm
Lise, Martinez, lise.martinez@example.com, 24, female, yellowfish294, sailor
Marlise, Roy, marlise.roy@example.com, 24, female, greenbear727, head
Peppi, Pollari, peppi.pollari@example.com, 34, female, redbird645, xxxxxxx
Anna, Gardner, anna.gardner@example.com, 40, female, blackgoose816, ventura
Elli, Kivi, elli.kivi@example.com, 51, female, ticklishmouse145, albany
Lia, Moraes, lia.moraes@example.com, 54, female, silverleopard238, whatup
Emine, Goertz, emine.goertz@example.com, 75, female, angryzebra143, dalton
Ernesto, Moreno, ernesto.moreno@example.com, 31, male, angryfish509, carter
Indie, Clarke, indie.clarke@example.com, 47, female, organicbird997, home
Manuel, Olivier, manuel.olivier@example.com, 53, male, angrybird632, blunts
Isolino, da Rosa, isolino.darosa@example.com, 61, male, goldenfrog737, higgins
José, Rudloff, jose.rudloff@example.com, 40, male, goldenkoala641, daman
Afşar, Tekelioğlu, afsar.tekelioglu@example.com, 66, female, happybear817, dddddddd
Ingrid, Hjelmeland, ingrid.hjelmeland@example.com, 31, female, ticklishpanda942, french
Oliver, Mortensen, oliver.mortensen@example.com, 24, male, beautifulkoala902, micheal
Justin, Mackay, justin.mackay@example.com, 32, male, bigleopard256, ficken
بردیا, مرادی, brdy.mrdy@example.com, 42, male, tinymeercat882, forever
Maiara, Viana, maiara.viana@example.com, 53, female, crazyduck436, jimbob
Diane, Watkins, diane.watkins@example.com, 23, female, sadduck970, ninja
Brad, Burton, brad.burton@example.com, 57, male, redfish594, groucho
Andréa, Gautier, andrea.gautier@example.com, 31, female, ticklishbutterfly117, kendall
Eemeli, Pelto, eemeli.pelto@example.com, 47, male, greenelephant872, admin1
Bella, Kelley, bella.kelley@example.com, 52, female, greenostrich768, bombay
Kathryn, Washington, kathryn.washington@example.com, 43, female, ticklishsnake792, ipswich
Meral, Ozansoy, meral.ozansoy@example.com, 31, female, angryrabbit365, susan
Oya, Yılmazer, oya.yilmazer@example.com, 59, female, heavyfish584, armand
Matteus, Ommundsen, matteus.ommundsen@example.com, 26, male, silverkoala724, antelope
Brittany, Morrison, brittany.morrison@example.com, 61, female, silverduck696, dogman
Leokadia, Wiegand, leokadia.wiegand@example.com, 42, female, silverbird257, azzer
Theo, Martin, theo.martin@example.com, 30, male, reddog531, clock
Johan, Mortensen, johan.mortensen@example.com, 38, male, greenwolf380, 7grout
Zarco , Jesus, zarco.jesus@example.com, 42, male, crazygoose615, buttercu
Claude, Lambert, claude.lambert@example.com, 47, male, organicsnake505, squash
Ayub, Sørlie, ayub.sorlie@example.com, 56, male, ticklishgoose671, compass
Jesse, Hakola, jesse.hakola@example.com, 41, male, redelephant210, predator
Vilho, Salonen, vilho.salonen@example.com, 51, male, lazywolf454, yamaha
Nino, Denis, nino.denis@example.com, 53, male, organiclion105, john316
Sophia, Herzberg, sophia.herzberg@example.com, 37, female, saddog740, rsalinas
Donald, Elliott, donald.elliott@example.com, 34, male, sadpanda165, online
Harley, Lee, harley.lee@example.com, 46, male, angryswan105, pancho
Casimir, Heijdra, casimir.heijdra@example.com, 53, male, beautifulfrog959, zapper
Daniel, Lévesque, daniel.levesque@example.com, 61, male, blackfish835, sharks
Amelia, Lacroix, amelia.lacroix@example.com, 50, female, bluepanda847, chuckles
Juan, Griffin, juan.griffin@example.com, 50, male, orangepeacock771, blueball
Timo, Bertrand, timo.bertrand@example.com, 27, male, ticklishostrich727, janice
Ayşe, Beşerler, ayse.beserler@example.com, 71, female, heavypanda435, nicole1
Giray, Özdoğan, giray.ozdogan@example.com, 39, male, reddog813, daddy
Yasemin, Öztürk, yasemin.ozturk@example.com, 30, female, crazybear751, buffett
Aleksi, Murto, aleksi.murto@example.com, 53, male, silverbutterfly787, racecar
Eden, Hubert, eden.hubert@example.com, 68, female, ticklishgorilla453, fastball
Juho, Kantola, juho.kantola@example.com, 42, male, crazylion731, benoit
Jonathan, Rasmussen, jonathan.rasmussen@example.com, 64, male, brownpanda183, stokes
Loes, Kruizenga, loes.kruizenga@example.com, 32, female, purpledog379, johnson
Stephen, Byrd, stephen.byrd@example.com, 72, male, silverrabbit770, pyramid
Camila, Van Anrooij, camila.vananrooij@example.com, 74, female, silvergoose157, delmar
Barry, Shaw, barry.shaw@example.com, 72, male, happyrabbit672, orgasms
Kenneth, Holmsen, kenneth.holmsen@example.com, 49, male, orangemeercat942, 12344321
Jonathan, Poulsen, jonathan.poulsen@example.com, 72, male, greenleopard815, thailand
Frederick, Baker, frederick.baker@example.com, 26, male, sadladybug154, getsome
Allie, Osullivan, allie.osullivan@example.com, 47, female, heavysnake633, miami1
پارسا, قاسمی, prs.qsmy@example.com, 57, male, crazydog592, istheman
Jens-Uwe, Stöber, jens-uwe.stober@example.com, 59, male, heavymouse702, fishing1
Dejanira, da Rocha, dejanira.darocha@example.com, 74, female, whitezebra898, buffy1
Melanie, Castro, melanie.castro@example.com, 40, female, greensnake325, members
Nelmo, Porto, nelmo.porto@example.com, 76, male, browndog131, infinity
Ferdi, Andres, ferdi.andres@example.com, 34, male, whitefrog982, gizmodo
Nicola, Haneveld, nicola.haneveld@example.com, 74, female, browndog964, 11235813
Rodney, Webb, rodney.webb@example.com, 30, male, brownsnake972, sahara
Jacob, Fields, jacob.fields@example.com, 47, male, beautifulladybug852, hhhh
Sonia, Joly, sonia.joly@example.com, 69, female, smalldog375, batman
Senne, Arnts, senne.arnts@example.com, 30, male, organicgoose598, stang
Isabel, Diez, isabel.diez@example.com, 48, female, smalltiger907, funtime
Amy, Roux, amy.roux@example.com, 60, female, purpleduck795, iiiii
Wayne, Byrd, wayne.byrd@example.com, 35, male, beautifulsnake928, surf
Hans-Henning, Gäbler, hans-henning.gabler@example.com, 46, male, bigfish782, 636363
Efe, Orbay, efe.orbay@example.com, 38, male, purplecat805, honeys
Tristan, Campbell, tristan.campbell@example.com, 24, male, angryfish174, 98765432
Jessie, Ross, jessie.ross@example.com, 23, male, organiccat550, abcde
Patricia, Santos, patricia.santos@example.com, 47, female, beautifulgorilla527, friend
Donald, Dunne, donald.dunne@example.com, 29, male, happytiger463, getoff
Mikkel, Jensen, mikkel.jensen@example.com, 22, male, silverostrich287, boss
Marta, Ortiz, marta.ortiz@example.com, 71, female, happybutterfly507, style
Matthieu, Gauthier, matthieu.gauthier@example.com, 61, male, silverostrich105, anita
Yanick, Roux, yanick.roux@example.com, 38, male, yellowladybug719, cancer
Zeneida, Almeida, zeneida.almeida@example.com, 63, female, organicgorilla764, ameteur
Leo, Lee, leo.lee@example.com, 61, male, lazybutterfly771, yahoo1
Malgorzata, Kampe, malgorzata.kampe@example.com, 76, female, greensnake618, krista
Atje, Van de Klundert, atje.vandeklundert@example.com, 25, female, blackpeacock447, work
Letitia, Price, letitia.price@example.com, 31, female, organicdog579, washington
Brandon, Chapman, brandon.chapman@example.com, 55, male, blueelephant533, tobias
Jon, James, jon.james@example.com, 37, male, yellowleopard721, hewitt
Ambre, Le Gall, ambre.legall@example.com, 51, female, smallfish366, corona
Clara, Rasmussen, clara.rasmussen@example.com, 30, female, happyfish903, enter1
Christina, Clark, christina.clark@example.com, 56, female, heavykoala478, 12312312
Miréia, Araújo, mireia.araujo@example.com, 39, female, angryfrog141, hollywoo
Krin, Dean, krin.dean@example.com, 48, female, whiteladybug554, beemer
Emile, Rodriguez, emile.rodriguez@example.com, 52, male, happysnake228, reality
Georgia, Kohler, georgia.kohler@example.com, 50, female, purplezebra673, forumwp
Alicia, Knight, alicia.knight@example.com, 64, female, crazymouse414, skeeter
Kristin, Rogers, kristin.rogers@example.com, 23, female, angryleopard686, welder
Lynn, Robert, lynn.robert@example.com, 69, female, heavyfrog180, 87654321
اميرمحمد, محمدخان, myrmhmd.mhmdkhn@example.com, 27, male, ticklishkoala118, ocean
Luc, Leclercq, luc.leclercq@example.com, 39, male, brownmeercat923, paper
Kate, Li, kate.li@example.com, 31, female, heavyleopard163, scarlet
Ali, Adal, ali.adal@example.com, 27, male, happyelephant553, bollocks
Valeria, Nicolas, valeria.nicolas@example.com, 61, female, tinyladybug314, whiteout
Alfredo, Peters, alfredo.peters@example.com, 68, male, goldenduck214, barney1
Etienne, Bergeron, etienne.bergeron@example.com, 63, male, sadzebra361, redfish
Mathias, Lacroix, mathias.lacroix@example.com, 40, male, smallfrog647, luckyone
رهام, زارعی, rhm.zraay@example.com, 61, male, crazyelephant747, bigman
Marina, Bravo, marina.bravo@example.com, 60, female, lazysnake134, dddd
Sedat, Strohmeier, sedat.strohmeier@example.com, 43, male, bluebutterfly718, kenny
Lia, Jesus, lia.jesus@example.com, 56, female, angrylion376, raining
John, Gil, john.gil@example.com, 65, male, yellowdog622, eclipse1
Bob, Hudson, bob.hudson@example.com, 72, male, whitebutterfly466, ashley
Carter, Williams, carter.williams@example.com, 60, male, bigsnake729, bucket
Andréa, Brunet, andrea.brunet@example.com, 57, female, lazyzebra579, chief
Lutz, Knüppel, lutz.knuppel@example.com, 22, male, goldenfish200, topper
Kaja, De Waart, kaja.dewaart@example.com, 62, female, goldendog508, coleman
Lucia, Pastor, lucia.pastor@example.com, 35, female, orangegoose831, jewels
Silas, Jensen, silas.jensen@example.com, 34, male, silverelephant503, drowssap
Angie, Williamson, angie.williamson@example.com, 35, female, browngorilla707, dead
Ilonka, Rieß, ilonka.riess@example.com, 32, female, purplelion360, milton
Abigail, Foster, abigail.foster@example.com, 63, female, tinylion251, sprinter
Kiara, Michel, kiara.michel@example.com, 50, female, bluedog164, stafford
Veronica, Rojas, veronica.rojas@example.com, 32, female, yellowtiger718, jewels
Hansjörg, Mercier, hansjorg.mercier@example.com, 42, male, happyelephant170, mike123
Carl, Petersen, carl.petersen@example.com, 39, male, sadsnake880, horace
Séléna, Perrin, selena.perrin@example.com, 69, female, bluekoala700, bristol
Yahya, Mohamud, yahya.mohamud@example.com, 69, male, smallmeercat474, testing
Harmjan, Piet, harmjan.piet@example.com, 30, male, tinybear608, cattle
Nerea, Cruz, nerea.cruz@example.com, 70, female, bluegoose839, philip
Gustav, Poulsen, gustav.poulsen@example.com, 22, male, bluesnake239, nice
Artur, Renaud, artur.renaud@example.com, 59, male, bluebird689, brady
Paula, Hanson, paula.hanson@example.com, 68, female, smallladybug517, bottle
Signe, Poulsen, signe.poulsen@example.com, 65, female, beautifulrabbit761, dolphin1
Elia, Adam, elia.adam@example.com, 23, female, orangepeacock972, chou
Andrés, da Mata, andres.damata@example.com, 49, male, redbutterfly760, harvest
Jean-Paul, Pierre, jean-paul.pierre@example.com, 44, male, goldenfish246, carpet
Noélia, da Rosa, noelia.darosa@example.com, 32, female, yellowostrich336, mahler
Barış, Sinanoğlu, baris.sinanoglu@example.com, 35, male, ticklishgorilla688, clint
Malou, Mortensen, malou.mortensen@example.com, 24, female, blueostrich303, chaos
Mackenzie, Walker, mackenzie.walker@example.com, 59, female, brownpeacock170, juice
Millie, Gerhardsen, millie.gerhardsen@example.com, 61, female, brownpanda188, patriots
Harper, Li, harper.li@example.com, 27, female, silverbear744, qwert40
Efe, Menemencioğlu, efe.menemencioglu@example.com, 53, male, yellowbear533, ford
Kees, Engelen, kees.engelen@example.com, 48, male, beautifulmouse628, zoom
John, Tacke, john.tacke@example.com, 22, male, happycat626, naughty
Hassan, Adam, hassan.adam@example.com, 41, male, blueladybug660, hello2
Janiek, Deijkers, janiek.deijkers@example.com, 55, male, happycat867, hummer
Adelmo, Costa, adelmo.costa@example.com, 46, male, crazylion821, eeeeee
Massimiliano, Bernard, massimiliano.bernard@example.com, 49, male, beautifulzebra616, wildbill
Filinto, Lopes, filinto.lopes@example.com, 55, male, lazypeacock111, prince1
Aapo, Ramo, aapo.ramo@example.com, 61, male, sadtiger511, tasha1
Ceylan, Çamdalı, ceylan.camdali@example.com, 66, female, orangefish500, capone
Pippa, Hall, pippa.hall@example.com, 25, female, whiteostrich417, susanne
Axel, Rezende, axel.rezende@example.com, 42, male, ticklishswan276, stephen
Kristina, Mason, kristina.mason@example.com, 32, female, sadcat505, crew
رادین, موسوی, rdyn.mwswy@example.com, 69, male, organiczebra499, 4200
Abigail, Clarke, abigail.clarke@example.com, 37, female, silvercat221, eatme
Willi, Simon, willi.simon@example.com, 40, male, ticklishduck601, floyd
Francisco, Roussel, francisco.roussel@example.com, 41, male, yellowwolf372, samiam
Mathilde, Christiansen, mathilde.christiansen@example.com, 64, female, lazyfish764, puff
Herman, Ryan, herman.ryan@example.com, 35, male, brownswan952, moneyman
Gema, Roman, gema.roman@example.com, 51, female, yellowsnake472, leather
Eléna, Louis, elena.louis@example.com, 74, female, happysnake654, catfish
Ulrikke, Svardal, ulrikke.svardal@example.com, 43, female, tinyrabbit331, diggler
Thaddäus, Harms, thaddaus.harms@example.com, 44, male, smallsnake907, sherman
Jay, Nelson, jay.nelson@example.com, 75, male, smallsnake673, whore
Ryan, Graves, ryan.graves@example.com, 23, male, brownelephant754, sandiego
Elias, Rintala, elias.rintala@example.com, 39, male, goldenzebra897, gizmo
Nikola, Israel, nikola.israel@example.com, 69, male, yellowwolf264, phillips
Mikael, Kivela, mikael.kivela@example.com, 61, male, happyelephant773, coucou
حامد, یاسمی, hmd.ysmy@example.com, 61, male, ticklishleopard167, gigi
Harley, Lewis, harley.lewis@example.com, 56, male, happykoala988, flipper
Annabelle, Zhang, annabelle.zhang@example.com, 43, female, whiteostrich518, damien
Jennie, Morales, jennie.morales@example.com, 37, female, happyduck736, marriage
Mohammed, Krogh, mohammed.krogh@example.com, 67, male, bigleopard257, inside
Same, Ray, same.ray@example.com, 49, male, yellowswan850, dusty1
Lian, Roussel, lian.roussel@example.com, 41, male, whitebear529, stewart
Madison, Sirko, madison.sirko@example.com, 44, female, whitebutterfly375, shannon1
Asha, Vreeswijk, asha.vreeswijk@example.com, 40, female, brownbird182, cheech
Carolina, Simon, carolina.simon@example.com, 31, female, sadwolf771, gorilla
Nadina, Schuringa, nadina.schuringa@example.com, 41, female, redbutterfly953, cricket
Helmich, Rothuizen, helmich.rothuizen@example.com, 74, male, redmouse418, rhythm
Lilly, Breistein, lilly.breistein@example.com, 53, female, brownrabbit162, transfer
Phillip, Knight, phillip.knight@example.com, 33, male, bigmeercat302, prophet
Luke, Smith, luke.smith@example.com, 27, male, bigostrich715, shuai
Aaron, Lewis, aaron.lewis@example.com, 56, male, smalldog928, josephin
Emil, Thomsen, emil.thomsen@example.com, 46, male, crazyladybug387, marjorie
Aaron, Solberg, aaron.solberg@example.com, 50, male, greentiger129, gagged
Zoe, Arnold, zoe.arnold@example.com, 32, female, yellowsnake105, hookup
Fatih, Körmükçü, fatih.kormukcu@example.com, 70, male, blackwolf152, neptune
Gül, Türkyılmaz, gul.turkyilmaz@example.com, 44, female, happysnake713, legs
Lieschen, Seufert, lieschen.seufert@example.com, 48, female, greenleopard427, aspen
Uwe, Sanchez, uwe.sanchez@example.com, 34, male, crazyfish193, 191919
Fernand, Fernandez, fernand.fernandez@example.com, 27, male, orangelion419, 1234qwer
Sara, Soler, sara.soler@example.com, 24, female, goldengorilla252, slater
Derrick, Williamson, derrick.williamson@example.com, 46, male, blueladybug730, marty
Nadja, Martin, nadja.martin@example.com, 73, female, smallmeercat725, skin
Amelia, Perkins, amelia.perkins@example.com, 27, female, bigwolf705, terry1
Margo, Koolstra, margo.koolstra@example.com, 32, female, yellowtiger252, sucking
Kate, Ray, kate.ray@example.com, 74, female, blacksnake657, bmw325
Volkan, Solmaz, volkan.solmaz@example.com, 33, male, beautifulfrog366, joung
Lewis, Brown, lewis.brown@example.com, 34, male, redmouse750, research
Pedro, Mitchelle, pedro.mitchelle@example.com, 25, male, tinybutterfly604, wutang
Marcus, Møller, marcus.moller@example.com, 58, male, bigrabbit102, buffy1
Oğuzhan, Atan, oguzhan.atan@example.com, 41, male, sadleopard736, pioneer
Nooa, Arola, nooa.arola@example.com, 70, male, whitebutterfly183, avenger
Julia, Reed, julia.reed@example.com, 44, female, yellowladybug577, oooooooo
Cathrine, Helvik, cathrine.helvik@example.com, 60, female, orangemeercat868, carolyn
Eva, Clement, eva.clement@example.com, 30, female, goldenpanda596, mullet
Anatole, Masson, anatole.masson@example.com, 29, male, whitegorilla809, jazzman
کیمیا, کوتی, khymy.khwty@example.com, 70, female, redbird595, adrian
Alyssa, Pierce, alyssa.pierce@example.com, 71, female, orangeelephant693, kathy
Elif, Tanrıkulu, elif.tanrikulu@example.com, 42, female, redkoala610, supra
Hortênsia, Novaes, hortensia.novaes@example.com, 34, female, blackgorilla789, test1
Konsta, Jarvinen, konsta.jarvinen@example.com, 54, male, crazyduck868, sammy1
Willibert, Droste, willibert.droste@example.com, 54, male, smallladybug198, trunks
Buse, Çetiner, buse.cetiner@example.com, 48, female, goldengorilla982, brooklyn
Ceyhun, Sezek, ceyhun.sezek@example.com, 28, male, tinywolf349, joyjoy
Nicoline, Kristensen, nicoline.kristensen@example.com, 58, female, smallelephant784, orchid
Arlene, May, arlene.may@example.com, 36, female, silverrabbit756, 7grout
Eugenio, Nuñez, eugenio.nunez@example.com, 48, male, ticklishgoose411, slinky
Tristan, Sirko, tristan.sirko@example.com, 40, male, blackbutterfly754, madmad
پریا, نكو نظر, pry.nkwnzr@example.com, 48, female, silverbird880, blabla
Diane, Haus, diane.haus@example.com, 58, female, angryduck263, hooter
Armando, Oliver, armando.oliver@example.com, 68, male, redbear950, julia
Nojus, Overvik, nojus.overvik@example.com, 48, male, orangefish974, maxwell
Rodrigo, Parra, rodrigo.parra@example.com, 39, male, smallduck871, jewish
سورنا, سلطانی نژاد, swrn.sltnynjd@example.com, 38, male, brownbear484, masturbation
Matilda, Thomas, matilda.thomas@example.com, 66, female, ticklishmeercat652, yomama
Eládio, Porto, eladio.porto@example.com, 51, male, purplefrog488, whitesox
Delphine, Brown, delphine.brown@example.com, 70, female, blacktiger668, summer1
Gordon, Stevens, gordon.stevens@example.com, 68, male, heavydog616, telefon
Lillian, Ortiz, lillian.ortiz@example.com, 72, female, bigbird477, wingnut
Oscar, Petersen, oscar.petersen@example.com, 59, male, sadfrog510, bootys
امیر, حیدری, myr.hydry@example.com, 26, male, whitetiger194, hewitt
Grayson, Martin, grayson.martin@example.com, 61, male, silvergoose895, boyboy
Blanca, Mendez, blanca.mendez@example.com, 41, female, orangebird542, pornking
Andre, Owens, andre.owens@example.com, 22, male, angrygorilla585, caliente
Elsa, Laurent, elsa.laurent@example.com, 36, female, lazysnake193, arthur
Victoria, Morin, victoria.morin@example.com, 34, female, lazywolf191, mustang
Esat, Tunçeri, esat.tunceri@example.com, 64, male, whitemouse602, zhan
Zaido, Souza, zaido.souza@example.com, 35, male, sadladybug577, coconut
Pitágoras, Campos, pitagoras.campos@example.com, 43, male, yellowfish177, pegasus
Elsa, Luoma, elsa.luoma@example.com, 34, female, redgorilla433, enterpri
Lucy, Hall, lucy.hall@example.com, 28, female, silvermouse497, marianne
Heather, Davies, heather.davies@example.com, 24, female, lazykoala952, veritas
Antonia, Ferrer, antonia.ferrer@example.com, 42, female, blackkoala261, grunt
Denis, Gomes, denis.gomes@example.com, 35, male, browndog954, 99999
Andri, Denis, andri.denis@example.com, 69, male, orangerabbit249, rodman
محیا, مرادی, mhy.mrdy@example.com, 70, female, purpleswan500, satchmo
James, Zhang, james.zhang@example.com, 30, male, browntiger214, blue11
Elliot, Fortin, elliot.fortin@example.com, 37, male, crazytiger134, kelsey
Millie, Lewis, millie.lewis@example.com, 22, female, purpleduck720, trapper
Vicenta, Velasco, vicenta.velasco@example.com, 61, female, yellowrabbit901, guang
Oona, Kangas, oona.kangas@example.com, 28, female, goldenfish572, starwars
Judith, Harris, judith.harris@example.com, 29, female, brownmouse366, dotcom
Jia, Van der Molen, jia.vandermolen@example.com, 51, male, sadtiger217, tiny
Elmer, Alexander, elmer.alexander@example.com, 74, male, smallleopard740, redsox
Denyse, Lenstra, denyse.lenstra@example.com, 31, female, angrylion587, 1103
Cathy, Gilbert, cathy.gilbert@example.com, 35, female, lazybear827, james007
Ticiano, da Mota, ticiano.damota@example.com, 59, male, lazyswan360, vectra
Brianna, Terry, brianna.terry@example.com, 73, female, redsnake652, aberdeen
Remzi, Mathot, remzi.mathot@example.com, 54, male, redelephant194, wright
Maëlyne, Meunier, maelyne.meunier@example.com, 63, female, ticklishgorilla214, felipe
آراد, سهيلي راد, ard.shylyrd@example.com, 65, male, heavyrabbit465, zerocool
Damian, Gödecke, damian.godecke@example.com, 56, male, smallgoose602, popopo
اميرعلي, سهيلي راد, myraaly.shylyrd@example.com, 26, male, angrysnake423, katherin
دینا, نجاتی, dyn.njty@example.com, 68, female, heavycat151, 420247
Sheila, Mills, sheila.mills@example.com, 75, female, orangezebra740, harvard
Alma, Mortensen, alma.mortensen@example.com, 35, female, yellowlion125, kcj9wx5n
Nooa, Manninen, nooa.manninen@example.com, 35, male, heavyleopard226, coffee
Nathan, Arnold, nathan.arnold@example.com, 27, male, yellowmouse982, 2112
Emilie, Mortensen, emilie.mortensen@example.com, 40, female, happysnake769, webmaster
Emile, Moreau, emile.moreau@example.com, 31, male, ticklishleopard993, steve1
Walter, Hicks, walter.hicks@example.com, 38, male, blackleopard390, fang
Ashley, Smith, ashley.smith@example.com, 45, female, organicbird707, plastic
Mustafa, Eronat, mustafa.eronat@example.com, 31, male, crazyduck502, shaggy
Cédric, Adam, cedric.adam@example.com, 62, male, happymeercat374, waffle
Jonas, Nielsen, jonas.nielsen@example.com, 23, male, blackostrich475, tracy
Salman, Vang, salman.vang@example.com, 63, male, blackleopard539, looker
Mario, Dean, mario.dean@example.com, 33, male, silverdog746, keng
Esma, Alpuğan, esma.alpugan@example.com, 37, female, heavyladybug629, food
Emmy, Richard, emmy.richard@example.com, 73, female, yellowcat999, roxanne
Firdevs, Meerwijk, firdevs.meerwijk@example.com, 47, female, beautifulsnake513, lookin
Violetta, Köhl, violetta.kohl@example.com, 62, female, silverelephant249, mobile
Milana, Barmen, milana.barmen@example.com, 22, female, yellowbutterfly240, prissy
Efe, Taşçı, efe.tasci@example.com, 47, male, heavyrabbit622, snowball
Rasmus, Niskanen, rasmus.niskanen@example.com, 50, male, ticklishpanda575, deedee
Nolan, Dupuis, nolan.dupuis@example.com, 68, male, crazykoala864, colton
Lawrence, Castro, lawrence.castro@example.com, 38, male, ticklishsnake118, health
Enes, Costa, enes.costa@example.com, 61, male, redtiger140, gonavy
Andy, Foster, andy.foster@example.com, 57, male, heavymouse745, tobias
Lily, Sims, lily.sims@example.com, 70, female, silvergorilla938, island
Morris, Martinez, morris.martinez@example.com, 61, male, heavycat126, gravity
Herminia, Riley, herminia.riley@example.com, 24, female, organicladybug253, greedy
Evan, Perry, evan.perry@example.com, 73, male, whitezebra852, teens
Handan, Jahangier, handan.jahangier@example.com, 38, female, silverwolf314, lorena
Pablo, Gutierrez, pablo.gutierrez@example.com, 39, male, purplemouse185, beverly
Ahmet, Koç, ahmet.koc@example.com, 39, male, sadladybug992, hollie
Angèle, Giraud, angele.giraud@example.com, 41, female, bluecat691, invis
آرتين, کوتی, artyn.khwty@example.com, 61, male, purplemeercat610, 5683
Arthur, Ennis, arthur.ennis@example.com, 42, male, browntiger853, sunny1
Lucas, Olsen, lucas.olsen@example.com, 39, male, heavydog966, 1qwerty
Annabelle, Kowalski, annabelle.kowalski@example.com, 33, female, brownmouse534, justice
Oskari, Laitinen, oskari.laitinen@example.com, 32, male, yellowpeacock442, titty
Elijah, James, elijah.james@example.com, 53, male, angrybird981, jayden
Zada, Campos, zada.campos@example.com, 68, female, orangerabbit718, absolutely
Davino, Monteiro, davino.monteiro@example.com, 38, male, tinypeacock175, deer
نيما, حیدری, nym.hydry@example.com, 72, male, happybird318, check
طاها, نجاتی, th.njty@example.com, 58, male, organicbear860, 1214
Maddison, Martin, maddison.martin@example.com, 65, female, beautifulpanda538, bigal
Lloyd, Watson, lloyd.watson@example.com, 62, male, organicgorilla417, grateful
Flurina, Rousseau, flurina.rousseau@example.com, 73, female, sadzebra657, masturbation
Ronja, Nysveen, ronja.nysveen@example.com, 28, female, crazymeercat915, freaky
Arthur, Gagné, arthur.gagne@example.com, 48, male, bluefish151, katie1
Hudson, Scott, hudson.scott@example.com, 32, male, lazygorilla418, toronto
Rocio, Caballero, rocio.caballero@example.com, 68, female, smalldog513, 5555555
Basile, Girard, basile.girard@example.com, 32, male, beautifulfish719, doghouse
Sofia, Mortensen, sofia.mortensen@example.com, 35, female, goldenrabbit185, 1954
Oliver, Kristensen, oliver.kristensen@example.com, 23, male, ticklishmouse725, unknown
Djalme, Pereira, djalme.pereira@example.com, 31, male, lazycat268, trunks
امیر, سهيلي راد, myr.shylyrd@example.com, 72, male, ticklishladybug631, gator1
Josep, Gomez, josep.gomez@example.com, 64, male, bluecat136, japanes
Deborah, Gaillard, deborah.gaillard@example.com, 69, female, silvertiger714, losers
عرشيا, نجاتی, aarshy.njty@example.com, 54, male, smalllion849, giant
Levi, Walker, levi.walker@example.com, 64, male, crazywolf785, martine
Leo, West, leo.west@example.com, 25, male, purplepeacock911, fiddle
Brendan, Chapman, brendan.chapman@example.com, 55, male, silverleopard807, getting
Aida, Fontai, aida.fontai@example.com, 61, female, sadpanda491, brad
Brooke, Walker, brooke.walker@example.com, 43, female, blackzebra248, buck
Noelia, Gutierrez, noelia.gutierrez@example.com, 25, female, sadcat269, queenie
Laurie, Gill, laurie.gill@example.com, 55, female, angryswan902, tyrone
Helmi, Kotila, helmi.kotila@example.com, 52, female, tinygorilla905, maxx
Iiris, Honkala, iiris.honkala@example.com, 39, female, smallmouse961, oooooo
Duane, Hale, duane.hale@example.com, 56, male, purpleostrich964, amature
Molly, Williams, molly.williams@example.com, 48, female, yellowostrich637, poopie
Iida, Saarinen, iida.saarinen@example.com, 29, female, blackkoala665, kaitlyn
Danielle, Alex, danielle.alex@example.com, 49, female, sadmeercat134, broker
Zada, Santos, zada.santos@example.com, 43, female, smallduck928, missouri
Isabella, Petersen, isabella.petersen@example.com, 54, female, yellowrabbit253, collin
Marijntje, Commandeur, marijntje.commandeur@example.com, 71, female, sadmeercat902, kimber
الینا, کوتی, lyn.khwty@example.com, 34, female, smallgoose100, aries
Eduardo, Martinez, eduardo.martinez@example.com, 29, male, lazybutterfly747, striker
Salvador, Marshall, salvador.marshall@example.com, 45, male, blackwolf298, vette
Chad, Ramos, chad.ramos@example.com, 22, male, crazyleopard436, magick
Uirá, Fernandes, uira.fernandes@example.com, 65, female, tinyswan503, fist
Milja, Ahonen, milja.ahonen@example.com, 45, female, purplegorilla293, stafford
Brittany, Carter, brittany.carter@example.com, 34, female, goldenbear639, 292929
Elze, Knigge, elze.knigge@example.com, 45, female, bluemeercat717, goodgirl
آیناز, موسوی, aynz.mwswy@example.com, 64, female, tinyduck829, mantis
Nella, Annala, nella.annala@example.com, 42, female, lazylion476, augusta
Rohit, Schouw, rohit.schouw@example.com, 66, male, yellowdog489, midget
Faustine, Garnier, faustine.garnier@example.com, 42, female, purpleostrich762, grover
Angie, Euser, angie.euser@example.com, 24, female, blackbear423, warren
Luukas, Laine, luukas.laine@example.com, 32, male, bluezebra623, goaway
Rose, Roy, rose.roy@example.com, 37, female, greensnake369, vader
Macit, Adal, macit.adal@example.com, 36, male, brownfrog589, bailey1
Hanne, Wendt, hanne.wendt@example.com, 74, female, blackrabbit953, getoff
Augusta, Lærum, augusta.laerum@example.com, 64, female, silvermeercat944, elite
Yoep, Tromp, yoep.tromp@example.com, 62, male, redpanda449, wordup
Tobias, Kristensen, tobias.kristensen@example.com, 71, male, blackbird810, virus
Silas, Poulsen, silas.poulsen@example.com, 32, male, goldenbutterfly532, chewy
Angelica, Dogan, angelica.dogan@example.com, 72, female, angrymeercat582, bosco
Elias, Petersen, elias.petersen@example.com, 54, male, happytiger377, jerry
Eugene, Washington, eugene.washington@example.com, 57, male, bigzebra810, doit
Patricia, Reyes, patricia.reyes@example.com, 26, female, purpletiger140, 727272
Sander, Mortensen, sander.mortensen@example.com, 29, male, greenlion455, dilligaf
Cathleen, Essig, cathleen.essig@example.com, 55, female, orangecat464, 1945
Esma, Erez, esma.erez@example.com, 31, female, goldenbutterfly354, metro
آراد, پارسا, ard.prs@example.com, 42, male, angrydog358, coffee
Adem, Akyüz, adem.akyuz@example.com, 48, male, lazyladybug833, doug
Lorena, Martin, lorena.martin@example.com, 55, female, tinybear490, jacob
Malo, Rodriguez, malo.rodriguez@example.com, 51, male, happyfish749, pirate
Samu, Niemela, samu.niemela@example.com, 72, male, lazyleopard339, kangaroo
Yazan, Storm, yazan.storm@example.com, 42, male, yellowbird188, comedy
Skip, El Idrissi, skip.elidrissi@example.com, 39, male, greengorilla646, ludwig
Andrea, Williams, andrea.williams@example.com, 63, female, yellowlion294, frosty
Isobel, West, isobel.west@example.com, 53, female, organicleopard191, castle
Reginald, Shaw, reginald.shaw@example.com, 48, male, sadsnake305, angels
Nooa, Kuusisto, nooa.kuusisto@example.com, 25, male, blueleopard303, flamingo
Clara, Granlund, clara.granlund@example.com, 60, female, smallswan759, monster1
Ümit, Fahri, umit.fahri@example.com, 60, male, happysnake190, holein1
Christopher, Hanson, christopher.hanson@example.com, 62, male, bigwolf992, thanks
Esteban, Menard, esteban.menard@example.com, 53, male, sadladybug677, universa
